game_id,spread,total,provider,book_count,spread_min,spread_max
401856779,-29.5,53.5,DraftKings,1,-29.5,-29.5
401858208,-33.5,55.5,DraftKings,1,-33.5,-33.5
401856666,-46.5,66.5,DraftKings,1,-46.5,-46.5
401856635,-40.5,63.5,DraftKings,1,-40.5,-40.5
401861962,-19.5,57.5,DraftKings,1,-19.5,-19.5
401856767,-42.5,59.5,DraftKings,1,-42.5,-42.5
401862701,-36.5,51.5,DraftKings,1,-36.5,-36.5
401856658,-46.5,56.5,DraftKings,1,-46.5,-46.5
401866410,-2.5,48.5,DraftKings,1,-2.5,-2.5
401862698,-14.5,51.5,DraftKings,1,-14.5,-14.5
401864496,-28.5,58.5,DraftKings,1,-28.5,-28.5
401856659,-23.5,62.5,DraftKings,1,-23.5,-23.5
401856777,-7.25,49.5,median of 2,2,-7.5,-7.0
401869960,-6.5,50.5,median of 2,2,-6.5,-6.5
401858422,-42.5,51.5,DraftKings,1,-42.5,-42.5
401858435,-35.5,56.5,DraftKings,1,-35.5,-35.5
401864425,-23.5,51.5,DraftKings,1,-23.5,-23.5
401866409,-18.5,48.5,DraftKings,1,-18.5,-18.5
401862696,-30.5,52.5,DraftKings,1,-30.5,-30.5
401856769,-41.5,53.5,DraftKings,1,-41.5,-41.5
401864424,-28.5,55.5,DraftKings,1,-28.5,-28.5
401862694,-20.5,46.5,DraftKings,1,-20.5,-20.5
401866623,-28.5,63.5,DraftKings,1,-28.5,-28.5
401856663,-54.5,60.5,DraftKings,1,-54.5,-54.5
401862700,-28.5,59.5,DraftKings,1,-28.5,-28.5
401864499,-39.5,57.5,DraftKings,1,-39.5,-39.5
401866627,-18.5,53.5,DraftKings,1,-18.5,-18.5
401856770,-42.5,59.5,DraftKings,1,-42.5,-42.5
401856771,-40.5,55.5,DraftKings,1,-40.5,-40.5
401858427,-45.5,56.5,DraftKings,1,-45.5,-45.5
401867973,-40.5,52.5,DraftKings,1,-40.5,-40.5
401858211,-55.5,62.5,DraftKings,1,-55.5,-55.5
401856775,-51.5,61.5,DraftKings,1,-51.5,-51.5
401862697,-22.5,47.5,DraftKings,1,-22.5,-22.5
401866411,-37.5,56.5,DraftKings,1,-37.5,-37.5
401856773,-31.5,58.5,DraftKings,1,-31.5,-31.5
401856774,-43.5,52.5,DraftKings,1,-43.5,-43.5
401867866,-20.5,59.5,DraftKings,1,-20.5,-20.5
401869129,-44.5,55.5,DraftKings,1,-44.5,-44.5
401868316,-12.5,52.5,DraftKings,1,-12.5,-12.5
401868170,-25.5,51.5,DraftKings,1,-25.5,-25.5
401860880,-12.5,62.5,DraftKings,1,-12.5,-12.5
401869142,-20.5,48.5,DraftKings,1,-20.5,-20.5
401858431,-12.5,46.5,DraftKings,1,-12.5,-12.5
401860879,-40.5,61.5,DraftKings,1,-40.5,-40.5
401868356,-20.5,50.5,DraftKings,1,-20.5,-20.5
401856669,-29.5,60.5,DraftKings,1,-29.5,-29.5
401868140,-20.5,54.5,DraftKings,1,-20.5,-20.5
401867894,-30.5,57.5,Draft Kings,1,-30.5,-30.5
401858423,-28.75,51.5,median of 2,2,-29.0,-28.5
401870790,-28.5,52.5,DraftKings,1,-28.5,-28.5
401856768,-34.5,57.5,DraftKings,1,-34.5,-34.5
401868129,-3.0,50.5,median of 2,2,-3.0,-3.0
401866617,20.75,47.5,median of 2,2,20.5,21.0
401868324,0.0,56.5,median of 2,2,-19.5,19.5
401866616,10.0,46.5,median of 2,2,10.0,10.0
401868040,-12.5,47.5,median of 2,2,-12.5,-12.5
401867882,-21.0,49.5,median of 2,2,-21.5,-20.5
401867916,-5.5,40.5,median of 2,2,-5.5,-5.5
401858212,3.0,53.25,median of 2,2,3.0,3.0
401858201,-4.5,48.5,median of 3,3,-5.0,-4.5
401858436,-22.0,51.75,median of 2,2,-22.5,-21.5
401858437,-23.25,50.75,median of 2,2,-23.5,-23.0
401856772,13.25,58.75,median of 2,2,13.0,13.5
401866620,-7.0,56.5,median of 2,2,-7.0,-7.0
401868101,-34.5,53.5,median of 2,2,-34.5,-34.5
401866621,-8.5,58.5,median of 2,2,-8.5,-8.5
401858425,-40.25,55.5,median of 2,2,-40.5,-40.0
401866619,4.25,45.5,median of 2,2,4.0,4.5
401868394,-7.5,45.5,median of 2,2,-7.5,-7.5
401858206,24.5,48.5,median of 2,2,24.5,24.5
401856667,-29.5,59.75,median of 2,2,-29.5,-29.5
401868084,-5.5,55.5,median of 2,2,-5.5,-5.5
401868022,14.0,47.5,median of 2,2,14.0,14.0
401867855,-2.5,52.5,median of 2,2,-2.5,-2.5
401866618,7.0,49.5,median of 2,2,7.0,7.0
401858202,-4.0,50.5,median of 3,3,-4.0,-4.0
401862693,-4.5,55.5,median of 3,3,-5.0,-4.0
401867977,10.5,51.5,median of 2,2,10.5,10.5
401858209,-7.5,50.75,median of 2,2,-7.5,-7.5
401867988,-12.5,48.5,median of 2,2,-12.5,-12.5
401856776,-6.5,50.75,median of 2,2,-6.5,-6.5
401868049,7.5,49.5,median of 2,2,7.5,7.5
401867935,0.0,46.5,median of 2,2,-1.5,1.5
401868110,-15.5,59.5,median of 2,2,-15.5,-15.5
401868235,-19.5,54.5,median of 2,2,-19.5,-19.5
401874042,-22.5,57.5,median of 2,2,-22.5,-22.5
401868139,-3.0,54.5,median of 2,2,-3.0,-3.0
401872615,-50.5,58.5,median of 2,2,-50.5,-50.5
401868149,-7.0,55.5,median of 2,2,-7.0,-7.0
401868305,12.5,49.5,median of 2,2,12.5,12.5
401868118,32.5,57.5,median of 2,2,32.5,32.5
401868154,25.5,60.5,median of 2,2,25.5,25.5
401868194,12.5,49.5,median of 2,2,12.5,12.5
401868261,-2.5,46.5,median of 2,2,-2.5,-2.5
401868007,8.5,55.5,median of 2,2,8.5,8.5
401868073,5.5,53.5,median of 2,2,5.5,5.5
401864577,-6.5,46.5,median of 3,3,-7.0,-6.5
401856766,-7.5,46.5,median of 3,3,-7.5,-7.5
401864494,-37.5,61.5,median of 3,3,-37.5,-37.0
401866408,-9.0,52.5,median of 3,3,-9.5,-8.5
401864570,-31.0,53.5,median of 3,3,-31.5,-30.5
401866615,4.5,50.5,Draft Kings,1,4.5,4.5
401867865,-4.5,49.5,Draft Kings,1,-4.5,-4.5
401868060,-14.5,59.5,Draft Kings,1,-14.5,-14.5
401868240,3.5,50.5,Draft Kings,1,3.5,3.5
401868315,-24.5,51.5,Draft Kings,1,-24.5,-24.5
401868070,-3.0,50.5,Draft Kings,1,-3.0,-3.0
401868962,-28.5,51.5,Draft Kings,1,-28.5,-28.5
401867874,-27.5,44.5,Draft Kings,1,-27.5,-27.5
401874035,19.5,55.5,Draft Kings,1,19.5,19.5
401868169,-7.5,45.5,Draft Kings,1,-7.5,-7.5
401866532,-2.5,46.5,Draft Kings,1,-2.5,-2.5
401856662,-28.5,54.75,median of 2,2,-28.5,-28.5
401858428,-27.5,48.5,median of 2,2,-27.5,-27.5
401856636,-7.25,58.75,median of 2,2,-7.5,-7.0
401858433,-24.5,51.25,median of 2,2,-24.5,-24.5
401858430,-23.75,46.25,median of 2,2,-24.0,-23.5
401864432,2.5,52.5,median of 2,2,2.5,2.5
401856661,-7.0,55.5,median of 2,2,-7.0,-7.0
401856634,-27.75,52.5,median of 2,2,-28.0,-27.5
401864498,-10.0,46.5,median of 2,2,-10.0,-10.0
401858424,-27.75,54.5,median of 2,2,-28.0,-27.5
401856778,-20.5,49.5,median of 2,2,-20.5,-20.5
401856665,-36.0,54.0,median of 2,2,-36.5,-35.5
401870763,-16.75,53.5,median of 2,2,-17.0,-16.5
401858434,-24.25,52.5,median of 2,2,-24.5,-24.0
401858426,-31.25,44.5,median of 2,2,-31.5,-31.0
401862699,-14.0,52.25,median of 2,2,-14.0,-14.0
401856637,-26.5,59.5,median of 2,2,-26.5,-26.5
401858210,2.25,53.75,median of 2,2,2.0,2.5
401860878,-3.0,46.5,median of 2,2,-3.0,-3.0
401858438,-20.5,47.0,median of 2,2,-20.5,-20.5
401864497,3.0,55.75,median of 2,2,3.0,3.0
401858207,-16.5,48.5,median of 2,2,-16.5,-16.5
401864495,-3.0,56.25,median of 2,2,-3.0,-3.0
401858204,-23.75,48.5,median of 2,2,-24.0,-23.5
401856780,-21.0,55.75,median of 2,2,-21.0,-21.0
401862695,-11.25,52.25,median of 2,2,-11.5,-11.0
401856660,-10.0,50.5,median of 2,2,-10.0,-10.0
401858429,-9.5,47.0,median of 2,2,-9.5,-9.5
401858432,-50.75,56.5,median of 2,2,-51.0,-50.5
401856668,-40.5,53.5,median of 2,2,-40.5,-40.5
401856664,-41.5,51.5,median of 2,2,-41.5,-41.5
